,1,2,3,4,5,6,7,8,9,10,11,12,13,14,15,16,17,18,19,20,21,22,23,24,25,26,27,28,29,30,31,32,33,34,35,36,37,38,39,40
0,0.0,0.0,0.0,0.0,0.0,0.0,0.0,0.0,0.0,0.0,0.0,0.0,52.0,130.0,186.0,453.0,7991062.0,0.0,5146509.0,3877380.0,0.0,4221703.5,8103930.5,8485763.0,0.0,2131108.0,0.0,0.0,0.0,0.0,0.0,0.0,0.0,0.0,0.0,0.0,0.0,0.0,0.0,0.0
1,0.0,0.0,0.0,0.0,0.0,0.0,0.0,0.0,0.0,0.0,0.0,0.0,13.0,39.0,59.0,206.0,6352243.0,0.0,3799205.0,2347076.0,617860.6875,3901202.5,7577298.5,6831115.5,0.0,1913873.875,0.0,0.0,0.0,0.0,0.0,0.0,0.0,0.0,0.0,0.0,0.0,0.0,0.0,0.0
2,0.0,0.0,0.0,0.0,0.0,0.0,0.0,0.0,0.0,0.0,0.0,0.0,0.0,36.0,114.0,84.0,11478228.0,0.0,7670810.0,5467239.5,581473.0625,6609880.5,7331731.5,10969096.0,0.0,0.0,0.0,0.0,0.0,0.0,0.0,0.0,0.0,0.0,0.0,0.0,0.0,0.0,0.0,0.0
3,0.0,0.0,0.0,0.0,0.0,0.0,0.0,0.0,0.0,0.0,0.0,0.0,0.0,104.0,3703236.75,3865007.5,7710917.5,10347026.0,8160029.5,0.0,8535878.0,6938331.0,2502758.75,0.0,0.0,39167.1796875,0.0,594643.4375,0.0,0.0,0.0,0.0,0.0,0.0,0.0,0.0,1599839.0,0.0,352332.34375,0.0
4,0.0,0.0,0.0,0.0,0.0,0.0,0.0,0.0,0.0,0.0,0.0,0.0,0.0,0.0,5581440.0,1345374.75,5333680.0,4635896.0,7654246.5,0.0,5990175.0,5987672.5,2488257.5,0.0,0.0,0.0,0.0,0.0,0.0,0.0,0.0,0.0,0.0,450857.09375,0.0,0.0,0.0,0.0,0.0,0.0
5,0.0,0.0,0.0,0.0,0.0,0.0,0.0,0.0,0.0,0.0,0.0,0.0,0.0,0.0,1695670.125,1218810.875,2968766.25,2176172.75,3691290.25,0.0,4549723.0,2492029.5,2089767.375,178266.84375,0.0,0.0,0.0,0.0,0.0,0.0,0.0,0.0,0.0,496101.5625,0.0,0.0,36921.58203125,0.0,0.0,0.0
6,0.0,0.0,0.0,0.0,0.0,0.0,0.0,0.0,0.0,0.0,0.0,0.0,0.0,0.0,2294194.25,2225011.0,3872022.5,2526456.25,4737878.0,0.0,5240986.5,3944576.25,2177835.5,477615.4375,0.0,0.0,0.0,0.0,0.0,0.0,0.0,0.0,0.0,1431601.75,0.0,0.0,0.0,0.0,0.0,0.0
7,0.0,0.0,0.0,0.0,0.0,0.0,0.0,0.0,0.0,0.0,0.0,0.0,0.0,192.0,6672774.0,2971399.0,10957641.0,6825633.0,14652390.0,0.0,13756285.0,8549854.0,6965513.5,443414.96875,0.0,0.0,0.0,0.0,0.0,0.0,0.0,0.0,0.0,1888482.75,0.0,0.0,0.0,0.0,0.0,0.0
8,0.0,0.0,0.0,0.0,0.0,0.0,0.0,0.0,0.0,0.0,0.0,0.0,0.0,208.0,6672773.5,2971380.75,10957642.0,6825614.5,14652396.0,0.0,13756280.0,8549844.0,6965515.0,443423.5,0.0,0.0,0.0,0.0,0.0,0.0,0.0,0.0,0.0,1888484.875,0.0,0.0,0.0,0.0,0.0,0.0
9,0.0,0.0,0.0,0.0,0.0,0.0,0.0,0.0,0.0,0.0,0.0,0.0,0.0,0.0,7280019.5,6606321.0,11628968.0,12508613.0,12432398.0,0.0,12882608.0,10589855.0,4276748.5,0.0,0.0,0.0,0.0,0.0,0.0,0.0,0.0,0.0,0.0,0.0,0.0,0.0,86157.4921875,0.0,407385.6875,0.0
10,0.0,0.0,0.0,0.0,0.0,0.0,0.0,0.0,0.0,0.0,0.0,0.0,0.0,231.0,6634442.5,2950005.25,10906123.0,6796593.0,14575745.0,0.0,13676537.0,8518988.0,6911878.0,423253.96875,0.0,0.0,0.0,0.0,0.0,0.0,0.0,0.0,0.0,1895866.125,0.0,0.0,0.0,0.0,0.0,0.0
11,0.0,0.0,0.0,0.0,0.0,0.0,0.0,0.0,0.0,0.0,0.0,0.0,5.0,20.0,1721917.375,2121861.0,2945677.0,3176409.0,2917953.75,0.0,3632440.75,2928980.5,819140.25,0.0,0.0,0.0,0.0,0.0,0.0,0.0,0.0,0.0,0.0,0.0,0.0,0.0,301036.34375,0.0,266432.28125,0.0
12,0.0,0.0,0.0,0.0,0.0,0.0,0.0,0.0,0.0,0.0,0.0,0.0,0.0,89.0,3707837.25,3863919.0,7750287.5,10409057.0,8198923.5,0.0,8576227.0,6975105.0,2485602.0,0.0,0.0,51062.76953125,0.0,599246.125,0.0,0.0,0.0,0.0,0.0,0.0,0.0,0.0,1588436.25,0.0,357708.59375,0.0
13,0.0,0.0,0.0,0.0,0.0,0.0,0.0,0.0,0.0,0.0,0.0,0.0,0.0,0.0,3756707.25,3954748.5,7861930.0,10512944.0,8308883.0,0.0,8717219.0,7052324.0,2564989.25,0.0,0.0,18126.8671875,0.0,588852.1875,0.0,0.0,0.0,0.0,0.0,0.0,0.0,0.0,1610691.75,0.0,388722.0625,0.0
14,0.0,0.0,0.0,0.0,0.0,0.0,0.0,0.0,0.0,0.0,0.0,0.0,39.0,226.0,3639268.25,3348673.0,4742013.5,6783381.5,4203645.0,0.0,4475677.0,4979367.5,320745.03125,0.0,0.0,0.0,1316242.75,0.0,0.0,0.0,0.0,0.0,0.0,0.0,0.0,0.0,632420.375,0.0,1346075.125,0.0
15,0.0,0.0,0.0,0.0,0.0,0.0,0.0,0.0,0.0,0.0,0.0,8696370.0,5100367.5,7384920.0,2008153.875,18998020.0,7401122.0,0.0,5523644.0,1806806.0,3254055.75,0.0,0.0,0.0,0.0,0.0,1606764.5,0.0,0.0,0.0,0.0,0.0,0.0,0.0,0.0,0.0,0.0,0.0,0.0,0.0
16,0.0,0.0,0.0,0.0,0.0,0.0,0.0,0.0,0.0,0.0,0.0,6195970.5,3289395.25,6568513.0,1677679.5,15986854.0,6273607.0,0.0,4500706.0,3143408.25,2197948.25,0.0,0.0,0.0,577123.375,0.0,175776.1875,0.0,0.0,0.0,0.0,0.0,0.0,0.0,0.0,0.0,0.0,0.0,0.0,0.0
17,0.0,0.0,0.0,0.0,0.0,0.0,0.0,0.0,0.0,0.0,0.0,8711806.0,5062521.0,7374325.5,2001308.125,19010786.0,7365070.5,0.0,5492649.0,1781769.0,3223978.0,0.0,0.0,0.0,0.0,0.0,1608979.875,0.0,0.0,0.0,0.0,0.0,0.0,0.0,0.0,0.0,0.0,0.0,0.0,0.0
18,0.0,0.0,0.0,0.0,0.0,0.0,0.0,0.0,0.0,0.0,0.0,6194112.5,3317083.75,6586993.0,1699689.0,15988565.0,6284523.0,0.0,4537534.5,3138081.5,2198341.0,0.0,0.0,0.0,556665.4375,0.0,192611.765625,0.0,0.0,0.0,0.0,0.0,0.0,0.0,0.0,0.0,0.0,0.0,0.0,0.0
19,0.0,0.0,0.0,0.0,0.0,0.0,0.0,0.0,0.0,0.0,0.0,1854889.375,1489737.0,2075307.875,909704.375,5530665.0,2412180.25,0.0,725845.125,817277.6875,1364108.375,0.0,0.0,0.0,159127.78125,0.0,64316.99609375,0.0,0.0,0.0,0.0,0.0,0.0,0.0,0.0,0.0,42387.67578125,0.0,0.0,0.0
20,0.0,0.0,0.0,0.0,0.0,0.0,0.0,0.0,0.0,0.0,0.0,5428825.0,4656538.5,6885929.5,2766215.75,14024092.0,5899404.0,0.0,3874011.5,2461507.25,1396916.5,0.0,0.0,0.0,793179.125,0.0,0.0,0.0,0.0,0.0,0.0,0.0,0.0,0.0,0.0,0.0,0.0,0.0,0.0,0.0
21,0.0,0.0,0.0,0.0,0.0,0.0,0.0,0.0,0.0,7050398.5,5444690.5,7097521.0,4567922.5,6993393.0,5724554.5,0.0,5263322.5,5505489.0,0.0,4153800.25,0.0,831543.4375,1822109.625,356360.40625,0.0,0.0,0.0,0.0,0.0,0.0,0.0,0.0,0.0,0.0,0.0,0.0,0.0,0.0,0.0,0.0
22,0.0,0.0,0.0,0.0,0.0,0.0,0.0,0.0,0.0,4133392.5,2290312.0,3907850.25,2302455.75,4180167.25,3244669.25,0.0,2630675.5,2431520.0,0.0,1674187.0,0.0,500658.34375,618916.0625,0.0,0.0,0.0,0.0,0.0,0.0,0.0,0.0,0.0,0.0,0.0,0.0,0.0,0.0,0.0,0.0,0.0
23,0.0,0.0,0.0,0.0,0.0,0.0,0.0,0.0,0.0,5955016.5,2970715.5,5297414.5,3535875.5,6715958.0,5064402.0,0.0,2764740.0,3083316.0,0.0,2774129.25,0.0,739372.9375,1324615.375,0.0,0.0,0.0,0.0,0.0,0.0,0.0,0.0,0.0,0.0,0.0,0.0,0.0,0.0,0.0,0.0,0.0
24,0.0,0.0,0.0,0.0,0.0,0.0,0.0,0.0,0.0,6069784.5,3040729.5,5393981.0,3634295.0,6847021.0,5167110.5,0.0,2801064.0,3155870.75,0.0,2846044.25,0.0,741622.25,1359974.0,0.0,0.0,0.0,0.0,0.0,0.0,0.0,0.0,0.0,0.0,0.0,0.0,0.0,0.0,0.0,0.0,0.0
25,0.0,0.0,0.0,0.0,0.0,0.0,0.0,0.0,0.0,6040014.5,3018599.75,5370490.0,3604628.0,6810612.5,5137109.5,0.0,2794597.75,3133842.25,0.0,2827653.0,0.0,742473.125,1348943.0,0.0,0.0,0.0,0.0,0.0,0.0,0.0,0.0,0.0,0.0,0.0,0.0,0.0,0.0,0.0,0.0,0.0
26,0.0,0.0,0.0,0.0,0.0,0.0,0.0,0.0,4811287.0,6274359.0,1438713.5,4685069.0,7829704.0,0.0,9027047.0,1507722.125,0.0,3907540.25,0.0,2446739.25,1820353.625,0.0,0.0,0.0,1200966.0,0.0,0.0,0.0,0.0,36149.6328125,0.0,0.0,0.0,0.0,0.0,0.0,0.0,0.0,0.0,0.0
27,0.0,0.0,0.0,0.0,0.0,0.0,0.0,0.0,5103302.0,7956470.5,655623.5625,4806920.0,7937115.0,0.0,9845803.0,2631632.75,0.0,4116912.25,0.0,3565717.0,2785703.5,0.0,0.0,0.0,1344105.5,0.0,0.0,0.0,0.0,0.0,0.0,0.0,0.0,0.0,0.0,0.0,0.0,0.0,0.0,0.0
28,0.0,0.0,0.0,0.0,0.0,0.0,0.0,0.0,4558817.0,6292747.0,1414438.375,3973482.25,7976543.5,0.0,8864936.0,1983701.75,0.0,4633616.0,0.0,3083609.0,1378819.5,0.0,0.0,0.0,1284590.875,0.0,0.0,0.0,0.0,0.0,0.0,0.0,0.0,0.0,0.0,0.0,0.0,0.0,0.0,0.0
29,0.0,0.0,0.0,0.0,0.0,0.0,0.0,0.0,7475247.0,10247816.0,1420182.5,6169831.0,11323712.0,0.0,13314078.0,3775306.0,0.0,5494898.5,0.0,4793430.5,3507443.25,0.0,0.0,0.0,1792976.875,0.0,0.0,0.0,0.0,0.0,0.0,0.0,0.0,0.0,0.0,0.0,0.0,0.0,0.0,0.0
30,0.0,0.0,0.0,0.0,0.0,0.0,0.0,0.0,2261707.75,3310233.5,734303.125,1889849.5,4207882.0,0.0,4741927.0,727885.9375,0.0,2729418.5,0.0,1744136.75,570414.1875,0.0,0.0,160692.09375,471585.15625,0.0,0.0,0.0,0.0,0.0,0.0,0.0,0.0,0.0,0.0,0.0,0.0,0.0,0.0,0.0
31,0.0,0.0,0.0,0.0,0.0,0.0,0.0,0.0,4566455.0,6379763.5,1350820.0,3947548.75,7999813.5,0.0,8872101.0,2004678.625,0.0,4556863.0,0.0,3184920.75,1403572.375,0.0,0.0,0.0,1274744.375,0.0,0.0,0.0,0.0,0.0,0.0,0.0,0.0,0.0,0.0,0.0,0.0,0.0,0.0,0.0
32,0.0,0.0,0.0,0.0,0.0,0.0,0.0,0.0,3384382.75,4911977.0,811842.0,2532393.0,5607411.0,0.0,6405132.0,1281167.75,0.0,3211842.25,0.0,2371577.0,1158879.375,0.0,0.0,0.0,660142.1875,0.0,0.0,0.0,0.0,0.0,0.0,0.0,0.0,0.0,0.0,0.0,0.0,0.0,0.0,0.0
33,0.0,0.0,0.0,0.0,0.0,0.0,2561972.75,2521187.25,778662.6875,3647118.0,2910112.75,2082697.75,2117001.0,0.0,0.0,0.0,2078918.25,5027812.5,3104105.5,1383996.125,0.0,0.0,1344059.625,0.0,0.0,0.0,0.0,0.0,0.0,0.0,0.0,0.0,0.0,0.0,0.0,0.0,0.0,0.0,0.0,0.0
34,0.0,0.0,0.0,0.0,0.0,0.0,1235870.5,1355571.875,458867.875,1900840.75,1484215.625,1046721.4375,1194984.25,0.0,0.0,0.0,1032036.125,2470330.25,1426645.125,591554.6875,0.0,0.0,560753.6875,0.0,0.0,0.0,0.0,0.0,0.0,0.0,0.0,0.0,0.0,0.0,0.0,0.0,0.0,0.0,0.0,0.0
35,0.0,0.0,0.0,0.0,0.0,0.0,2985727.0,3685616.5,1731117.625,5467496.0,4253513.0,2690794.25,2715285.0,0.0,0.0,0.0,2847750.5,7521374.5,4299535.0,1761456.5,0.0,0.0,1856261.625,0.0,0.0,0.0,0.0,0.0,0.0,0.0,0.0,0.0,0.0,0.0,0.0,0.0,0.0,0.0,0.0,0.0
36,0.0,0.0,0.0,0.0,0.0,0.0,2429335.0,2688879.25,910747.125,3509322.0,3025565.25,1929025.125,2548398.0,0.0,0.0,0.0,2140383.25,4685129.5,2887607.25,1113787.625,0.0,0.0,1217037.25,0.0,0.0,0.0,0.0,0.0,0.0,0.0,0.0,0.0,0.0,0.0,0.0,0.0,0.0,0.0,0.0,0.0
37,0.0,0.0,0.0,0.0,0.0,0.0,3111437.5,3178011.25,870618.375,4245384.5,3201452.25,2333785.5,2610713.5,0.0,0.0,0.0,2334733.75,5673484.5,3594437.75,1484318.5,0.0,0.0,1426891.5,0.0,0.0,0.0,0.0,0.0,0.0,0.0,0.0,0.0,0.0,0.0,0.0,0.0,0.0,0.0,0.0,0.0
38,0.0,0.0,0.0,0.0,0.0,0.0,3331418.25,4527418.5,1772447.5,5321189.0,5031878.5,2896581.25,3719659.75,0.0,0.0,0.0,3115602.75,7487317.5,5322876.5,1488191.375,0.0,0.0,2350700.25,0.0,0.0,0.0,0.0,0.0,0.0,0.0,0.0,0.0,0.0,0.0,0.0,0.0,0.0,0.0,0.0,0.0
39,0.0,0.0,0.0,0.0,0.0,0.0,3516719.0,3453521.75,1326200.5,4669028.5,4203340.0,2663959.75,2957823.0,0.0,0.0,0.0,2854469.5,6862394.0,4571442.0,1904252.25,0.0,0.0,1517207.375,0.0,0.0,0.0,0.0,0.0,0.0,0.0,0.0,0.0,0.0,0.0,0.0,0.0,0.0,0.0,0.0,0.0
40,0.0,0.0,0.0,0.0,0.0,0.0,2822183.0,3445560.75,1881322.125,3955165.25,2607072.5,1247763.25,1723701.75,0.0,0.0,0.0,2248278.5,5186233.0,3398734.0,1597594.625,0.0,0.0,1717744.25,0.0,0.0,0.0,0.0,0.0,0.0,0.0,0.0,0.0,0.0,0.0,0.0,0.0,0.0,0.0,0.0,0.0
41,0.0,0.0,0.0,0.0,0.0,0.0,3312013.75,3920481.0,1854254.0,4941534.0,3489464.25,1873848.375,2485344.0,0.0,0.0,0.0,2580920.25,6162793.5,4191097.75,1537941.25,0.0,0.0,1856361.75,0.0,0.0,0.0,0.0,0.0,0.0,0.0,0.0,0.0,0.0,0.0,0.0,0.0,0.0,0.0,0.0,0.0
42,0.0,0.0,0.0,0.0,0.0,0.0,2334248.25,2622304.25,872267.1875,3012852.25,2330211.5,1331526.75,2294746.75,0.0,0.0,0.0,1885727.5,3488907.0,2677227.0,839434.625,0.0,0.0,1175413.375,0.0,0.0,0.0,0.0,0.0,0.0,0.0,0.0,0.0,0.0,0.0,0.0,0.0,0.0,0.0,0.0,0.0
43,0.0,0.0,0.0,0.0,0.0,0.0,3197845.5,3259349.25,953154.625,3715041.25,2533152.25,1658940.5,2377052.75,0.0,0.0,0.0,2047224.125,4433169.0,3455874.25,1242666.625,0.0,0.0,1436146.75,0.0,0.0,0.0,0.0,0.0,0.0,0.0,0.0,0.0,0.0,0.0,0.0,0.0,0.0,0.0,0.0,0.0
44,0.0,0.0,0.0,0.0,0.0,0.0,1339448.875,1456507.625,508149.0625,1751112.25,1255608.125,801137.75,1145459.625,0.0,0.0,0.0,948624.4375,2047132.25,1441626.5,521285.5625,0.0,0.0,597160.3125,0.0,0.0,0.0,0.0,0.0,0.0,0.0,0.0,0.0,0.0,0.0,0.0,0.0,0.0,0.0,0.0,0.0
45,0.0,0.0,0.0,0.0,0.0,0.0,3199900.75,4341854.0,1658055.375,4493849.5,3816041.0,1901969.25,3307825.0,0.0,0.0,0.0,2706143.25,5447693.5,4846187.5,1045944.4375,0.0,0.0,2205032.5,0.0,0.0,0.0,0.0,0.0,0.0,0.0,0.0,0.0,0.0,0.0,0.0,0.0,0.0,0.0,0.0,0.0
46,0.0,0.0,0.0,0.0,0.0,0.0,3642562.0,3510645.0,1532255.5,4188229.75,3279383.25,1704300.875,2655565.25,0.0,0.0,0.0,2693981.75,5300708.5,4329469.5,1620283.625,0.0,0.0,1454124.0,0.0,0.0,0.0,0.0,0.0,0.0,0.0,0.0,0.0,0.0,0.0,0.0,0.0,0.0,0.0,0.0,0.0
47,0.0,0.0,0.0,0.0,0.0,4979387.0,888325.875,0.0,7633190.5,0.0,4762700.0,5443775.5,8634361.0,4132321.5,10029888.0,7727406.5,5578567.0,5874398.0,4027410.25,3069829.25,911198.75,1029245.4375,0.0,0.0,1298851.125,0.0,0.0,0.0,0.0,0.0,0.0,0.0,0.0,0.0,0.0,0.0,0.0,0.0,0.0,0.0
48,0.0,0.0,0.0,0.0,0.0,1369198.125,502006.59375,0.0,2129204.5,0.0,1334290.5,1700990.125,2531312.0,1057275.75,3125959.5,2112213.5,1536457.75,1656732.5,1148403.125,1059699.125,261974.1875,428818.09375,0.0,0.0,314641.9375,0.0,0.0,0.0,0.0,0.0,0.0,0.0,0.0,0.0,0.0,0.0,0.0,0.0,0.0,0.0
49,0.0,0.0,0.0,0.0,0.0,2571556.25,0.0,989679.75,4785192.5,0.0,3465152.75,3641399.0,4647628.0,1344942.0,4308147.5,4491201.5,3444650.0,3173664.5,2151139.75,867284.4375,360562.53125,1068881.125,0.0,0.0,724629.0,0.0,0.0,0.0,0.0,0.0,0.0,0.0,0.0,0.0,0.0,0.0,0.0,0.0,0.0,0.0
50,0.0,0.0,0.0,0.0,0.0,4011122.75,12557.314453125,2006405.875,6304110.5,0.0,4407629.0,4261320.0,6959891.0,2105184.75,6422917.0,5855840.0,5404890.0,5283321.5,2934975.0,2489952.25,665858.1875,1716207.125,0.0,0.0,1748104.625,0.0,0.0,0.0,0.0,0.0,0.0,0.0,0.0,0.0,0.0,0.0,0.0,0.0,0.0,0.0
51,0.0,0.0,0.0,0.0,0.0,4525155.5,374355.0,874512.9375,6548914.0,0.0,4350955.5,4280676.5,7861848.5,3086004.25,8990644.0,7075948.0,5230490.0,5620351.0,2654875.0,3311756.0,160339.28125,1780855.25,0.0,0.0,1293237.75,0.0,0.0,0.0,0.0,0.0,0.0,0.0,0.0,0.0,0.0,0.0,0.0,0.0,0.0,0.0
52,0.0,0.0,0.0,0.0,0.0,3775392.75,0.0,1919191.875,7282836.0,0.0,5418061.5,5212138.0,7436082.5,1728079.25,7111910.5,6640638.0,5373663.5,5241560.5,2942182.75,2063988.375,309080.1875,1857470.625,0.0,0.0,1447669.5,0.0,0.0,0.0,0.0,0.0,0.0,0.0,0.0,0.0,0.0,0.0,0.0,0.0,0.0,0.0
53,0.0,0.0,0.0,0.0,0.0,3998256.5,0.0,2836317.25,7659135.5,0.0,5298670.0,5046181.5,7780853.0,2574351.0,6724271.0,7141545.0,6331607.0,6064724.5,3460815.25,2308242.5,1234261.25,1339350.0,0.0,0.0,1600484.5,0.0,0.0,0.0,0.0,0.0,0.0,0.0,0.0,0.0,0.0,0.0,0.0,0.0,0.0,0.0
54,0.0,0.0,0.0,0.0,0.0,7094732.5,1021346.0,1288292.5,11677219.0,0.0,7003762.0,8271018.5,13305940.0,6577971.5,16651414.0,12147166.0,8510763.0,9708782.0,5701726.5,5696794.5,127361.875,2582185.75,0.0,0.0,2337326.0,0.0,0.0,0.0,0.0,0.0,0.0,0.0,0.0,0.0,0.0,0.0,0.0,0.0,0.0,0.0
55,0.0,0.0,0.0,0.0,0.0,2034063.625,612993.8125,0.0,3365720.0,0.0,2160738.75,2595536.5,4006514.25,1679347.125,5251910.5,3240521.5,2480295.0,2803133.0,1597072.75,1859984.25,0.0,960416.375,0.0,0.0,590527.5625,0.0,0.0,0.0,0.0,0.0,0.0,0.0,0.0,0.0,0.0,0.0,0.0,0.0,0.0,0.0
56,0.0,0.0,0.0,0.0,1356542.75,2818818.0,3000793.75,2774416.75,0.0,4678039.0,138155.78125,0.0,3761191.25,5261382.0,0.0,3078047.75,0.0,4507087.5,2058247.0,841611.875,643678.8125,511431.78125,949870.9375,0.0,0.0,0.0,30931.4140625,0.0,0.0,0.0,0.0,0.0,0.0,0.0,0.0,0.0,0.0,0.0,0.0,0.0
57,0.0,0.0,0.0,0.0,1932707.875,6305870.0,3056180.5,4926846.5,0.0,6597093.0,694984.0625,0.0,4408913.5,7312214.5,0.0,3392014.0,0.0,6669380.5,2912731.75,2341587.5,1729443.875,943012.5,1093563.375,0.0,0.0,0.0,0.0,0.0,0.0,0.0,394803.65625,0.0,0.0,0.0,0.0,0.0,0.0,0.0,0.0,0.0
58,0.0,0.0,0.0,0.0,2214940.25,6711772.0,4748094.0,6436781.5,0.0,9173031.0,0.0,0.0,6661087.5,8810982.0,0.0,6364133.0,0.0,6981823.0,3112897.25,3311784.25,2748839.5,0.0,1796947.125,0.0,0.0,0.0,0.0,0.0,0.0,0.0,0.0,0.0,0.0,0.0,0.0,0.0,0.0,0.0,0.0,0.0
59,0.0,0.0,0.0,0.0,2418360.5,3823816.5,5313763.0,4654091.0,0.0,7977094.0,240101.296875,0.0,5835841.0,8189828.5,0.0,5539704.5,0.0,6741761.5,2182929.75,2042641.625,1476878.875,95815.828125,2037013.625,0.0,0.0,0.0,41793.01953125,0.0,0.0,0.0,0.0,0.0,0.0,0.0,0.0,0.0,0.0,0.0,0.0,0.0
60,0.0,0.0,0.0,0.0,2188389.5,2976101.75,4182098.5,4201382.0,0.0,5615768.0,1110453.125,0.0,4216342.0,6475242.0,0.0,3426576.25,0.0,5972728.0,1491832.75,1267967.875,1212191.625,960556.0,1661551.625,0.0,0.0,0.0,0.0,0.0,0.0,0.0,0.0,0.0,0.0,0.0,0.0,0.0,0.0,0.0,0.0,0.0
61,0.0,0.0,0.0,0.0,1241504.0,1855926.5,3125851.0,2596912.75,0.0,3821329.25,237508.453125,103982.046875,3543815.75,3729885.5,0.0,2975411.0,0.0,2802233.5,763362.9375,637918.875,859011.25,355952.3125,1782446.5,0.0,0.0,0.0,222094.40625,0.0,0.0,0.0,0.0,0.0,0.0,0.0,0.0,0.0,0.0,0.0,0.0,0.0
62,0.0,0.0,0.0,0.0,2190775.75,2980935.75,4188954.25,4206735.5,0.0,5625297.0,1110208.625,0.0,4223931.5,6484928.5,0.0,3431595.0,0.0,5981468.0,1496902.0,1269477.875,1213942.5,962993.8125,1664454.375,0.0,0.0,0.0,0.0,0.0,0.0,0.0,0.0,0.0,0.0,0.0,0.0,0.0,0.0,0.0,0.0,0.0
63,0.0,0.0,0.0,0.0,1035875.5,1866044.25,1651607.375,1414497.875,0.0,2477867.25,0.0,0.0,2189815.0,2830287.25,0.0,1891931.5,0.0,1663311.125,1085684.0,976435.0,762772.75,0.0,411451.84375,0.0,0.0,0.0,0.0,0.0,0.0,0.0,0.0,0.0,0.0,0.0,0.0,0.0,0.0,0.0,0.0,0.0
64,0.0,0.0,0.0,0.0,1447721.375,2706221.75,2945962.25,3381623.5,0.0,4552015.5,0.0,179109.90625,4333379.0,3531761.25,0.0,3244314.0,0.0,2955322.0,1122849.625,921628.25,960490.4375,418621.0,1881120.375,0.0,0.0,0.0,272279.0,0.0,0.0,0.0,0.0,0.0,0.0,0.0,0.0,0.0,0.0,0.0,0.0,0.0
65,0.0,0.0,0.0,0.0,1172106.25,2491836.5,1472404.375,1898680.625,0.0,2885765.5,0.0,0.0,2675181.25,2756583.25,0.0,2095242.375,0.0,1671826.375,1448249.375,1272815.125,918065.5625,0.0,319566.0625,0.0,0.0,0.0,0.0,0.0,0.0,0.0,0.0,0.0,0.0,0.0,0.0,0.0,0.0,0.0,0.0,0.0
66,0.0,0.0,0.0,0.0,3172257.5,5784146.5,3958351.0,5248575.5,0.0,7118157.5,0.0,0.0,7133731.0,5496640.5,0.0,3848686.25,0.0,4163201.0,3728253.0,2926601.75,2841269.5,0.0,1445507.625,0.0,0.0,0.0,0.0,0.0,0.0,0.0,0.0,0.0,0.0,0.0,0.0,0.0,0.0,0.0,0.0,0.0
67,0.0,0.0,0.0,0.0,3865205.25,7445855.5,5758033.5,6065821.5,0.0,9516657.0,0.0,0.0,8557665.0,8723803.0,0.0,6474490.5,0.0,5827205.0,3810733.0,2685743.5,2270303.25,29933.064453125,2213658.5,0.0,0.0,0.0,0.0,0.0,0.0,0.0,357049.4375,0.0,0.0,0.0,0.0,0.0,0.0,0.0,0.0,0.0
68,0.0,0.0,0.0,0.0,2739235.0,5408362.5,5135269.5,6180257.5,0.0,9595174.0,0.0,0.0,7233750.5,8389570.0,0.0,6250986.0,0.0,7515688.5,2926406.25,2674856.25,1654526.875,208518.5625,2179037.75,0.0,0.0,0.0,165710.53125,0.0,0.0,0.0,0.0,0.0,0.0,0.0,0.0,0.0,0.0,0.0,0.0,0.0
69,0.0,0.0,0.0,0.0,2779146.75,4514053.0,3436674.25,3985411.75,0.0,6281076.5,353384.53125,0.0,4845951.0,5951393.0,0.0,3005811.25,0.0,5445534.5,2816168.75,2124075.25,1353610.25,263754.125,955528.0,0.0,0.0,0.0,0.0,0.0,0.0,0.0,0.0,0.0,0.0,0.0,0.0,0.0,0.0,0.0,0.0,0.0
70,0.0,0.0,0.0,0.0,2547376.25,3047022.5,2714293.75,0.0,2024337.125,3098215.0,0.0,2053973.0,1072938.5,1795743.5,1290271.125,1143424.875,664294.1875,2779452.0,0.0,1594055.375,1208449.125,0.0,0.0,733184.5625,0.0,0.0,87767.6953125,0.0,0.0,0.0,0.0,0.0,0.0,0.0,0.0,0.0,0.0,0.0,0.0,0.0
71,0.0,0.0,0.0,0.0,4908139.0,6079738.5,4934296.5,0.0,4597797.5,5244116.5,0.0,3415485.75,1981801.0,3232487.0,2220189.75,2674006.25,1708162.625,5632997.5,0.0,2965299.25,2609871.0,0.0,0.0,1032486.125,0.0,0.0,585258.9375,0.0,0.0,0.0,0.0,0.0,0.0,0.0,0.0,0.0,0.0,0.0,0.0,0.0
72,0.0,0.0,0.0,0.0,1879723.5,2239173.75,1898910.625,0.0,1543858.0,2154416.0,0.0,1374898.625,776316.625,1180156.0,786380.3125,838125.5625,527763.75,2211818.5,0.0,1031357.6875,983549.4375,0.0,0.0,367431.34375,0.0,0.0,147513.5625,0.0,0.0,0.0,0.0,0.0,0.0,0.0,0.0,0.0,0.0,0.0,0.0,0.0
73,0.0,0.0,0.0,0.0,3814258.5,6651861.5,4514704.0,0.0,4473804.5,6398710.0,0.0,3425251.5,1255144.875,2155939.5,1611332.25,3915941.0,1932614.0,5334412.0,0.0,2051521.375,2042620.5,0.0,0.0,642368.125,0.0,0.0,523302.25,0.0,0.0,0.0,0.0,0.0,0.0,0.0,0.0,0.0,0.0,0.0,0.0,0.0
74,0.0,0.0,0.0,0.0,6234210.0,9129967.0,8149982.0,0.0,6850340.5,9070702.0,0.0,6498358.5,1377819.25,3278598.0,2002173.625,5956834.5,3017648.75,7864931.5,0.0,4558697.0,4024030.25,0.0,0.0,1493144.5,0.0,0.0,0.0,0.0,0.0,0.0,0.0,0.0,0.0,0.0,341990.4375,0.0,0.0,0.0,0.0,0.0
75,0.0,0.0,0.0,0.0,4490317.5,6388763.5,5778389.0,0.0,5562128.5,6581187.0,0.0,5098459.0,1317532.625,2892236.75,1919699.125,4265174.5,2405887.75,6223114.5,0.0,2459844.25,3632716.25,0.0,0.0,1342613.5,0.0,0.0,730618.6875,0.0,0.0,0.0,0.0,0.0,0.0,0.0,0.0,0.0,0.0,0.0,0.0,0.0
76,0.0,0.0,0.0,0.0,1949835.0,2735688.5,2371986.0,0.0,2041640.75,2864952.75,0.0,2059839.5,517074.1875,1322001.5,802468.5,1636584.25,986678.75,2418984.75,0.0,1069610.375,1357420.75,0.0,0.0,574651.25,0.0,0.0,142433.3125,0.0,0.0,0.0,0.0,0.0,0.0,0.0,76092.2265625,0.0,0.0,0.0,0.0,0.0
77,0.0,0.0,0.0,0.0,3192060.75,4832494.0,2938803.5,0.0,3554273.25,3714707.25,0.0,2778720.5,724960.3125,1352492.75,847361.375,3068394.25,1444102.625,3642834.75,0.0,1989667.0,2141495.0,0.0,0.0,322664.25,0.0,0.0,521540.0,0.0,0.0,0.0,0.0,0.0,0.0,0.0,0.0,0.0,0.0,0.0,0.0,0.0
78,0.0,0.0,0.0,0.0,4021687.5,5760834.5,4351156.5,0.0,5010897.0,4847107.0,0.0,3550553.5,880486.0,2203030.5,1139620.75,3913567.25,2616840.75,4971581.5,0.0,2107924.5,2892699.75,0.0,0.0,606822.4375,0.0,0.0,634936.0625,0.0,0.0,0.0,0.0,0.0,0.0,0.0,0.0,0.0,0.0,0.0,0.0,0.0
79,0.0,0.0,0.0,0.0,1485057.625,2086819.125,1676555.75,0.0,1600045.125,2035357.375,0.0,1442382.5,364388.53125,857706.875,458921.65625,1234762.625,781854.5,1953324.75,0.0,685327.25,1100194.0,0.0,0.0,264529.15625,0.0,0.0,174103.796875,0.0,0.0,0.0,0.0,0.0,0.0,0.0,0.0,0.0,0.0,0.0,0.0,0.0
80,0.0,0.0,0.0,0.0,1793719.5,2556362.25,1714578.375,0.0,1860062.375,2367894.0,0.0,1511840.375,1041368.9375,1016552.4375,877288.875,899852.0,252533.109375,2266711.5,0.0,1114551.25,1000287.8125,0.0,0.0,493385.1875,0.0,13551.2392578125,268524.90625,0.0,0.0,0.0,0.0,0.0,0.0,0.0,0.0,0.0,0.0,0.0,0.0,0.0
81,0.0,0.0,0.0,150759.828125,3435053.25,4447150.0,3639072.25,0.0,3363057.75,4163752.0,0.0,3102659.25,1503943.5,1807976.625,1466055.25,1799720.25,577721.9375,3842868.5,0.0,2548121.5,1895497.25,0.0,0.0,1039680.75,0.0,4108.51904296875,69987.15625,0.0,0.0,0.0,0.0,0.0,0.0,0.0,80171.203125,0.0,0.0,0.0,0.0,0.0
82,0.0,0.0,0.0,161582.875,2432104.0,3095263.5,2600802.0,0.0,2656919.25,3050586.25,0.0,2324218.25,1131106.125,1624741.0,1272723.375,1288300.625,660672.9375,3068466.25,0.0,1405561.0,1694550.375,0.0,0.0,870316.375,0.0,0.0,450577.84375,0.0,0.0,0.0,0.0,0.0,0.0,0.0,0.0,0.0,0.0,0.0,0.0,0.0
83,0.0,0.0,0.0,0.0,3895230.75,6747410.5,4665801.5,0.0,4489777.5,6756942.0,0.0,2999803.0,1431119.125,2247105.5,1634991.375,3955226.5,2246667.25,5634405.0,0.0,2304523.5,1589505.125,0.0,0.0,715385.625,0.0,0.0,330566.75,0.0,0.0,0.0,0.0,0.0,0.0,0.0,0.0,0.0,0.0,0.0,0.0,0.0
84,0.0,0.0,0.0,0.0,4917470.5,9407683.0,6030545.5,0.0,6099672.0,9150434.0,0.0,4345256.5,2753094.25,2612709.25,2042709.5,5280834.0,1991419.375,7466496.5,0.0,3393861.5,2193599.75,0.0,0.0,920065.625,0.0,78026.6171875,412559.0625,0.0,0.0,0.0,0.0,0.0,0.0,0.0,0.0,0.0,0.0,0.0,0.0,0.0
85,0.0,0.0,0.0,0.0,3541856.0,6557579.0,4510685.5,0.0,4495918.0,6341930.0,0.0,3620145.0,2217287.75,1926178.375,1382260.625,3631529.5,1216415.625,5425999.5,0.0,2761373.75,2117196.5,0.0,0.0,705725.1875,0.0,312211.375,194946.203125,0.0,0.0,0.0,0.0,0.0,0.0,0.0,0.0,0.0,0.0,0.0,0.0,0.0
86,0.0,0.0,0.0,0.0,2438075.25,3813467.75,3101616.75,0.0,2712246.5,4003069.0,0.0,2619278.75,1168042.625,1606279.5,1005418.625,2157874.25,991975.3125,3271768.0,0.0,1695300.625,1547009.0,0.0,0.0,763320.1875,0.0,22373.5078125,59405.72265625,0.0,0.0,0.0,0.0,0.0,0.0,0.0,704.5401000976562,0.0,0.0,0.0,0.0,0.0
87,0.0,0.0,0.0,0.0,1859378.875,2860633.5,2207679.75,0.0,2103612.0,2857122.75,0.0,1810447.5,862915.75,1041547.1875,574772.8125,1601791.25,780085.0625,2667585.0,0.0,1109679.5,1266389.125,0.0,0.0,376042.90625,0.0,8323.38671875,135848.40625,0.0,0.0,0.0,0.0,0.0,0.0,0.0,0.0,0.0,0.0,0.0,0.0,0.0
88,0.0,0.0,0.0,0.0,5655720.5,10803632.0,6888980.0,0.0,7029106.0,10561565.0,0.0,5041843.0,3123477.75,2944799.75,2330535.25,6114069.5,2367228.75,8678096.0,0.0,3777057.0,2541330.0,0.0,0.0,1107772.75,0.0,47606.45703125,457017.53125,0.0,0.0,0.0,0.0,0.0,0.0,0.0,0.0,0.0,0.0,0.0,0.0,0.0
89,0.0,0.0,0.0,0.0,5638871.0,9170069.0,6904196.0,0.0,7428841.5,8368355.0,0.0,5349172.0,2684428.5,3392116.25,2021755.75,5694063.0,2949868.75,8315332.0,0.0,3642292.75,4039967.75,0.0,0.0,1223816.625,0.0,218648.34375,627950.5,0.0,0.0,0.0,0.0,0.0,0.0,0.0,0.0,0.0,0.0,0.0,0.0,0.0
90,0.0,0.0,4130836.5,623610.1875,4665759.0,1101508.75,4699185.0,4330179.5,3104819.0,4121670.25,0.0,7938196.0,3015064.0,1168466.625,395192.5625,4871943.5,9590080.0,4979373.5,3686320.75,2116495.5,1206672.125,2167326.25,0.0,253572.40625,0.0,0.0,557635.3125,0.0,0.0,0.0,0.0,0.0,0.0,0.0,0.0,0.0,0.0,0.0,0.0,0.0
91,0.0,0.0,1961229.0,449559.21875,2431451.25,521140.875,2624387.25,1954566.5,1861679.0,2203179.5,0.0,3665026.5,2239424.75,749402.125,346189.6875,2342541.0,4522985.0,2043440.25,2073667.0,950032.5,661197.3125,600842.75,0.0,487905.21875,0.0,0.0,0.0,0.0,0.0,0.0,0.0,0.0,0.0,0.0,0.0,0.0,0.0,0.0,0.0,0.0
92,0.0,0.0,2334520.0,543473.3125,2554461.75,468887.59375,2491163.0,1922594.5,1931066.625,1848328.875,0.0,3994972.0,2158707.5,676285.8125,0.0,2109100.0,3928812.25,2142071.0,2196767.75,1132298.875,436923.53125,845379.9375,0.0,0.0,0.0,0.0,344124.84375,0.0,0.0,0.0,0.0,0.0,0.0,0.0,0.0,0.0,0.0,0.0,0.0,0.0
93,0.0,0.0,4434113.5,372195.8125,4952485.0,697868.75,5732551.5,4796943.5,4212438.0,4513756.5,0.0,7805377.5,3589290.75,644863.125,690508.25,4811432.5,7912919.0,5687217.5,4282351.0,2433162.75,1734403.0,979771.0,0.0,0.0,0.0,0.0,813842.5,0.0,0.0,0.0,0.0,0.0,0.0,0.0,0.0,0.0,0.0,0.0,0.0,0.0
94,0.0,0.0,3999865.75,957167.25,5216474.0,1170885.625,5424713.0,3468868.25,5031617.5,5378411.5,0.0,6956724.5,4704402.5,289959.78125,477795.65625,4253241.5,7715805.5,4347690.5,4681740.0,2456700.25,2082165.75,452686.46875,0.0,322286.0,0.0,0.0,0.0,0.0,0.0,0.0,0.0,0.0,0.0,0.0,0.0,0.0,0.0,0.0,0.0,25360.474609375
95,0.0,0.0,2601408.0,495608.5,2765963.25,409592.625,3562623.0,3082218.25,2906682.75,2974232.0,0.0,4639299.5,3270875.25,255875.71875,0.0,2678452.25,4864676.0,2665873.0,2497931.5,1709912.875,1056981.375,613645.8125,0.0,54009.1484375,0.0,0.0,269131.3125,0.0,0.0,0.0,0.0,0.0,0.0,0.0,0.0,0.0,0.0,0.0,0.0,0.0
96,0.0,0.0,2396822.5,347482.4375,3384623.5,394271.875,3098136.75,3145920.75,2426532.25,3144268.75,0.0,3643983.25,2256075.75,794772.9375,560662.5,2820673.5,4436589.0,2785290.5,1539615.875,951565.25,581789.375,587513.8125,0.0,682633.75,0.0,0.0,356286.8125,0.0,0.0,0.0,0.0,0.0,0.0,0.0,0.0,0.0,0.0,0.0,0.0,0.0
97,0.0,7303079.0,909195.5625,2331160.0,4926845.0,6972367.5,2523410.75,0.0,5852829.0,4611054.5,4538236.5,0.0,4018058.75,4428053.0,0.0,0.0,1185617.375,4092525.5,7353547.0,0.0,2986681.5,1935149.5,0.0,352355.625,0.0,0.0,0.0,0.0,0.0,0.0,0.0,0.0,0.0,0.0,0.0,0.0,0.0,0.0,0.0,0.0
98,0.0,2315191.5,508335.84375,769692.875,1913703.75,2481632.5,976300.1875,0.0,1992547.875,1709739.875,1391013.25,0.0,1559169.75,1359410.25,0.0,0.0,433463.65625,2010580.0,2517238.0,0.0,983495.125,879190.25,0.0,0.0,0.0,0.0,0.0,0.0,0.0,0.0,0.0,0.0,0.0,0.0,0.0,0.0,0.0,0.0,0.0,0.0
99,0.0,2867869.5,5497.07421875,647925.875,4236967.5,2867391.25,2688025.75,0.0,4417603.5,1969107.875,2763017.75,0.0,2558199.75,3010411.25,0.0,0.0,0.0,3630421.0,2300837.5,0.0,1725815.625,1619884.875,0.0,0.0,0.0,0.0,0.0,0.0,0.0,0.0,0.0,0.0,0.0,0.0,0.0,0.0,0.0,0.0,0.0,0.0
100,0.0,7851371.0,612877.875,2370026.5,5247831.0,7229180.0,4691560.0,0.0,5758384.5,4685480.0,5381288.0,0.0,5049996.5,5415940.0,0.0,0.0,1583721.375,7161089.5,6247743.5,0.0,2903132.0,2860091.5,0.0,35505.5625,0.0,0.0,0.0,0.0,0.0,0.0,0.0,0.0,0.0,0.0,0.0,0.0,0.0,0.0,0.0,0.0
101,0.0,6954869.0,863135.3125,2229729.75,4975198.0,6804290.5,2437750.75,0.0,5748731.0,4513103.5,4493466.0,0.0,3937021.5,4222809.5,0.0,0.0,1092640.0,4149885.0,7057971.0,0.0,2820613.0,1916071.75,0.0,458097.0625,0.0,0.0,0.0,0.0,0.0,0.0,0.0,0.0,0.0,0.0,0.0,0.0,0.0,0.0,0.0,0.0
102,0.0,4557709.5,21376.29296875,1363301.0,3581222.75,4082538.0,3208520.0,0.0,3456520.25,2227455.5,3323069.75,0.0,3615924.0,3215457.0,0.0,0.0,451929.90625,3987204.25,3492692.5,0.0,1707710.625,1312667.375,11822.904296875,405154.53125,0.0,0.0,0.0,0.0,0.0,0.0,0.0,0.0,0.0,0.0,0.0,0.0,0.0,0.0,0.0,0.0
103,0.0,5631301.5,800521.25,1727262.0,5102109.5,4620557.5,3560797.75,0.0,4771152.5,4631846.0,4060635.75,0.0,3601776.75,3455453.75,0.0,0.0,830725.625,4402525.0,4756903.5,0.0,2112497.5,1318181.75,510784.71875,802676.625,0.0,0.0,0.0,0.0,0.0,0.0,0.0,0.0,0.0,0.0,0.0,0.0,0.0,0.0,0.0,0.0
104,0.0,2322482.0,508979.90625,773365.1875,1912739.25,2486698.0,976489.25,0.0,1994228.25,1710864.875,1390778.875,0.0,1560976.125,1362240.0,0.0,0.0,434915.5625,2009548.375,2521886.5,0.0,986446.25,877962.8125,0.0,0.0,0.0,0.0,0.0,0.0,0.0,0.0,0.0,0.0,0.0,0.0,0.0,0.0,0.0,0.0,0.0,0.0
105,0.0,5733394.0,807959.1875,1781681.625,5079009.5,4695719.0,3572283.25,0.0,4809599.5,4653402.0,4072970.0,0.0,3626245.25,3512528.0,0.0,0.0,865567.125,4407675.0,4838776.0,0.0,2141670.25,1307634.375,481586.40625,774703.0,0.0,0.0,0.0,0.0,0.0,0.0,0.0,0.0,0.0,0.0,0.0,0.0,0.0,0.0,0.0,0.0
106,0.0,5848180.0,1209055.125,2417163.25,4724753.5,4775549.5,3668201.75,0.0,4715532.0,5586493.5,3941676.5,0.0,3443743.25,3545293.0,0.0,0.0,1108812.25,4058545.75,4996222.5,0.0,2519992.0,1076823.375,852893.125,624416.3125,0.0,0.0,0.0,0.0,0.0,0.0,0.0,0.0,0.0,0.0,0.0,0.0,0.0,0.0,0.0,0.0
107,0.0,2981456.5,154232.359375,1314501.625,4008270.75,3286466.0,2543835.25,0.0,4749097.0,2742515.25,2601730.25,0.0,2457755.0,2977067.75,0.0,0.0,60649.95703125,3580004.75,2423686.25,0.0,1906252.5,1309563.75,0.0,0.0,0.0,0.0,0.0,0.0,0.0,0.0,0.0,0.0,0.0,0.0,0.0,0.0,0.0,0.0,0.0,0.0
108,0.0,4875589.0,24851.693359375,1643601.375,3422324.0,4345763.0,3361968.75,0.0,3568543.0,2674387.75,3335300.25,0.0,3496775.25,3421673.0,0.0,0.0,576523.5,3931849.75,3664975.5,0.0,1876492.875,1337644.125,123869.3046875,270000.71875,0.0,0.0,0.0,0.0,0.0,0.0,0.0,0.0,0.0,0.0,0.0,0.0,0.0,0.0,0.0,0.0
109,0.0,3778890.5,709340.8125,2326522.0,3965683.5,3073734.0,3982278.75,0.0,4774017.5,4829989.0,3656510.75,0.0,3502051.25,2798979.75,0.0,0.0,761355.875,4288041.5,3659655.75,0.0,1941979.125,731430.9375,761778.5625,0.0,0.0,0.0,0.0,0.0,0.0,0.0,0.0,0.0,0.0,0.0,0.0,0.0,0.0,0.0,0.0,0.0
110,0.0,6264953.0,1868788.25,2941949.25,5215475.0,4977066.0,3958612.25,0.0,5097129.5,6325254.5,4348816.5,0.0,4531997.0,3225639.75,0.0,0.0,1283858.0,4440788.0,5889791.0,0.0,3186558.25,859819.8125,1275318.875,657707.375,0.0,0.0,0.0,0.0,0.0,0.0,0.0,0.0,0.0,0.0,0.0,0.0,0.0,0.0,0.0,0.0
111,0.0,8670461.0,1844162.5,4206381.5,4502382.0,8581196.0,2247610.5,0.0,6465302.0,6599839.5,4763361.5,0.0,5497364.5,4013677.5,0.0,0.0,1842228.625,3886243.25,9597292.0,0.0,4275089.5,1155091.5,0.0,240391.4375,0.0,0.0,0.0,0.0,0.0,0.0,0.0,0.0,0.0,0.0,0.0,0.0,0.0,0.0,0.0,0.0
112,0.0,5424151.0,264427.90625,1955600.25,3752451.0,4759226.0,3683708.25,0.0,3892626.0,2900262.75,3753443.25,0.0,4493481.5,3406383.25,0.0,0.0,669525.75,4390791.5,4413237.5,0.0,2347646.5,1309521.875,284838.5,273638.8125,0.0,0.0,0.0,0.0,0.0,0.0,0.0,0.0,0.0,0.0,0.0,0.0,0.0,0.0,0.0,0.0
113,0.0,2951759.75,22203.71875,710870.5,4369830.0,2940470.0,2798782.0,0.0,4549640.5,2041302.0,2860026.5,0.0,2669008.75,3075009.0,0.0,0.0,0.0,3742627.5,2386369.0,0.0,1764664.375,1632009.375,0.0,0.0,0.0,0.0,0.0,0.0,0.0,0.0,0.0,0.0,0.0,0.0,0.0,0.0,0.0,0.0,0.0,0.0
114,0.0,7424605.0,973126.0,2427985.75,5100885.5,7118220.5,2592255.25,0.0,5977615.0,4733638.5,4693449.5,0.0,4097665.5,4506135.5,0.0,0.0,1230257.125,4240045.0,7486000.0,0.0,2990705.25,1933367.875,0.0,423365.59375,0.0,0.0,0.0,0.0,0.0,0.0,0.0,0.0,0.0,0.0,0.0,0.0,0.0,0.0,0.0,0.0
115,0.0,5898653.0,856908.75,1865550.125,5252348.0,4807119.5,3719504.5,0.0,4965381.5,4804051.0,4215715.0,0.0,3770026.25,3596318.0,0.0,0.0,899306.0,4545105.0,5003273.5,0.0,2204293.0,1324960.5,519735.90625,798271.625,0.0,0.0,0.0,0.0,0.0,0.0,0.0,0.0,0.0,0.0,0.0,0.0,0.0,0.0,0.0,0.0
116,0.0,5618779.0,822276.6875,1745180.125,5259724.0,4693714.5,3624198.0,0.0,4809799.0,4805121.0,4124781.0,0.0,3685877.75,3476885.75,0.0,0.0,772869.25,4506304.0,4776942.5,0.0,2179437.5,1360496.75,575299.125,853057.875,0.0,0.0,0.0,0.0,0.0,0.0,0.0,0.0,0.0,0.0,0.0,0.0,0.0,0.0,0.0,0.0
117,0.0,3754187.0,381242.09375,1738920.375,4480691.5,3111180.75,3967576.25,0.0,4924262.0,4142149.25,3867891.25,0.0,3761050.5,2844348.5,0.0,0.0,498780.90625,4711314.0,3609801.25,0.0,1695063.375,1021567.5,448963.3125,1961.9898681640625,0.0,0.0,0.0,0.0,0.0,0.0,0.0,0.0,0.0,0.0,0.0,0.0,0.0,0.0,0.0,0.0
118,0.0,7081114.0,726025.0,2774250.5,4846217.0,6373646.5,4242587.0,0.0,4940118.0,5957108.5,4601643.0,0.0,3123468.0,5109154.5,0.0,0.0,1247986.75,4522738.5,5744505.5,0.0,2501649.75,1654551.5,813016.375,356700.6875,0.0,0.0,0.0,0.0,0.0,0.0,0.0,0.0,0.0,0.0,0.0,0.0,0.0,0.0,0.0,0.0
119,0.0,2821959.5,537988.1875,1367347.375,1545564.5,3326447.25,1195298.125,0.0,1849525.0,2301931.0,1422960.625,0.0,1531590.625,2027820.25,0.0,0.0,425749.375,1891896.75,2952695.25,0.0,1337404.25,1088795.625,0.0,0.0,0.0,0.0,0.0,0.0,0.0,0.0,0.0,0.0,0.0,0.0,0.0,0.0,0.0,0.0,0.0,0.0
120,0.0,12125408.0,34538.7421875,4573659.5,11537570.0,12662037.0,8842181.0,0.0,12815778.0,10863355.0,7759481.0,0.0,6341574.0,10016206.0,0.0,0.0,169940.4375,11671542.0,9151531.0,0.0,6011095.5,4274241.0,876825.6875,0.0,0.0,0.0,0.0,0.0,0.0,0.0,0.0,0.0,0.0,0.0,0.0,0.0,0.0,0.0,0.0,0.0
121,0.0,3438325.0,0.0,1464714.5,4087553.25,4296053.0,2988159.75,0.0,4809170.0,2729243.25,2973700.0,0.0,2019575.125,4296847.5,0.0,0.0,0.0,3795831.5,2560798.0,0.0,1937458.5,1894320.0,0.0,0.0,0.0,0.0,0.0,0.0,0.0,0.0,0.0,0.0,0.0,0.0,0.0,0.0,0.0,0.0,0.0,0.0
122,0.0,8952689.0,556755.5625,4024617.75,4403655.5,9061893.0,5931555.5,0.0,5688717.5,6089191.5,5696322.0,0.0,5188702.5,7180859.0,0.0,0.0,1650222.5,7559760.0,6934657.0,0.0,3820195.0,3559671.5,162539.921875,0.0,0.0,0.0,0.0,0.0,0.0,0.0,0.0,0.0,0.0,0.0,0.0,0.0,0.0,0.0,0.0,0.0
123,0.0,8394634.0,708418.125,4033988.0,4260676.0,9150953.0,3021732.25,0.0,6199741.0,6026776.0,4792005.0,0.0,3968760.0,5621554.0,0.0,0.0,1512454.25,4278391.5,8494666.0,0.0,3502618.5,2124276.75,0.0,0.0,0.0,0.0,0.0,0.0,0.0,0.0,0.0,0.0,0.0,0.0,0.0,0.0,0.0,0.0,0.0,0.0
124,0.0,5280522.0,0.0,2331612.0,3356160.5,5185186.0,3987465.0,0.0,3504079.75,2960982.0,3588950.0,0.0,3721660.5,4222030.5,0.0,0.0,553999.0625,4201661.0,3933780.75,0.0,2217228.5,1558733.25,250983.59375,0.0,0.0,0.0,0.0,0.0,0.0,0.0,0.0,0.0,0.0,0.0,0.0,0.0,0.0,0.0,0.0,0.0
125,0.0,5757399.5,935697.3125,1799195.75,5433636.5,4679644.5,3829321.5,0.0,4912348.0,4878913.0,4247182.0,0.0,3816537.0,3527336.0,0.0,0.0,858223.25,4656556.0,4861252.5,0.0,2179643.25,1353703.625,647274.25,859701.3125,0.0,0.0,0.0,0.0,0.0,0.0,0.0,0.0,0.0,0.0,0.0,0.0,0.0,0.0,0.0,0.0
126,0.0,4712199.5,112843.546875,1414605.0,3775055.25,4178226.0,3416371.5,0.0,3594354.0,2362816.5,3539635.75,0.0,3765242.5,3361438.75,0.0,0.0,547974.5625,4276556.5,3638611.5,0.0,1717962.875,1377378.25,56015.609375,404567.375,0.0,0.0,0.0,0.0,0.0,0.0,0.0,0.0,0.0,0.0,0.0,0.0,0.0,0.0,0.0,0.0
127,0.0,5718981.0,935222.625,1779289.875,5445232.0,4652139.5,3829264.25,0.0,4902592.0,4869597.0,4234893.0,0.0,3800600.0,3509683.5,0.0,0.0,844995.5,4651439.0,4821365.5,0.0,2162191.75,1358100.125,666415.875,865983.5625,0.0,0.0,0.0,0.0,0.0,0.0,0.0,0.0,0.0,0.0,0.0,0.0,0.0,0.0,0.0,0.0
128,0.0,3563377.0,430136.84375,1687916.875,4681876.5,2893573.75,4145238.75,0.0,4918301.0,4134130.25,3957761.5,0.0,3856108.75,2728179.75,0.0,0.0,470000.3125,4872462.5,3437964.75,0.0,1595587.0,1003781.5625,592656.6875,80920.2109375,0.0,0.0,95977.7734375,0.0,0.0,0.0,0.0,0.0,0.0,0.0,0.0,0.0,0.0,0.0,0.0,0.0
129,0.0,2952200.75,96659.7890625,741340.625,4549410.5,2920913.0,3003284.25,0.0,4594191.0,2135772.25,2960664.0,0.0,2819664.0,3150321.75,0.0,0.0,0.0,3935660.75,2357464.0,0.0,1823349.25,1671428.5,0.0,0.0,0.0,0.0,13730.3447265625,0.0,0.0,0.0,0.0,0.0,0.0,0.0,0.0,0.0,0.0,0.0,0.0,0.0
130,0.0,7402065.5,1163685.5,2475066.0,5260348.5,7091437.0,2677827.0,0.0,5946738.0,4857776.0,4787592.0,0.0,4116539.25,4552168.0,0.0,0.0,1298426.75,4414354.0,7466566.0,0.0,2996585.5,1941564.625,0.0,438568.4375,0.0,0.0,0.0,0.0,0.0,0.0,0.0,0.0,0.0,0.0,0.0,0.0,0.0,0.0,0.0,0.0
131,0.0,7774410.0,1419575.75,3537710.25,4527463.5,7697322.5,2539005.75,0.0,6006033.0,6020359.0,4523702.5,0.0,4162420.25,4373187.5,0.0,0.0,1676376.25,4039080.75,7944481.5,0.0,3350809.25,1453909.25,0.0,268957.78125,0.0,0.0,0.0,0.0,0.0,0.0,0.0,0.0,0.0,0.0,0.0,0.0,0.0,0.0,0.0,0.0
132,0.0,8043766.5,1572046.625,3188639.0,5687721.5,6370331.5,4681431.0,0.0,5490192.5,7225178.5,5322241.0,0.0,3886197.5,4925710.5,0.0,0.0,1785229.125,4472462.0,6738854.0,0.0,2868115.25,1217834.25,1362456.375,1172285.75,0.0,0.0,0.0,0.0,0.0,0.0,0.0,0.0,0.0,0.0,0.0,0.0,0.0,0.0,0.0,0.0
133,0.0,5428363.5,928866.4375,3069246.25,4729854.5,4235031.0,5064521.5,0.0,5561127.5,6287407.5,4964401.5,0.0,3965126.25,3995738.0,0.0,0.0,1331839.125,4756396.5,5047054.0,0.0,2146299.5,770455.8125,1252375.375,169917.984375,0.0,0.0,0.0,0.0,0.0,0.0,0.0,0.0,0.0,0.0,0.0,0.0,0.0,0.0,0.0,0.0
134,0.0,3594764.0,1000752.6875,1472212.875,2193954.5,3624682.5,1215814.0,0.0,2333876.25,2707501.25,1891951.375,0.0,1487044.625,2180020.0,0.0,0.0,971200.75,2178946.0,3595373.0,0.0,1336424.75,994571.5625,0.0,0.0,0.0,0.0,0.0,0.0,0.0,0.0,0.0,0.0,0.0,0.0,0.0,0.0,0.0,0.0,0.0,0.0
135,0.0,14904808.0,1507885.0,5147351.5,14390522.0,13612526.0,10446452.0,0.0,15428490.0,12269241.0,9490230.0,0.0,7666326.5,11118962.0,0.0,0.0,1247496.75,13606901.0,11279730.0,0.0,6462998.5,3955681.0,1226428.875,0.0,0.0,0.0,0.0,0.0,0.0,0.0,0.0,0.0,0.0,0.0,0.0,0.0,0.0,0.0,0.0,0.0
136,0.0,8132183.0,1579493.625,3225377.75,5669995.5,6432781.5,4684080.0,0.0,5525296.0,7245231.0,5333160.0,0.0,3905575.0,4966394.5,0.0,0.0,1817299.625,4479274.5,6812314.5,0.0,2891261.5,1212554.875,1337087.125,1150768.875,0.0,0.0,0.0,0.0,0.0,0.0,0.0,0.0,0.0,0.0,0.0,0.0,0.0,0.0,0.0,0.0
137,0.0,9185766.0,605290.625,3709973.75,5535668.0,9317918.0,3498945.5,0.0,7603111.5,6970449.0,5939316.0,0.0,6091709.5,5091669.0,0.0,0.0,1476598.375,6010182.5,9466625.0,0.0,3945059.75,2219960.25,0.0,362492.3125,0.0,0.0,0.0,0.0,0.0,0.0,0.0,0.0,0.0,0.0,0.0,0.0,0.0,0.0,0.0,0.0
138,0.0,3063451.75,835318.75,1186094.625,1560445.375,3124209.0,1077381.375,0.0,1867488.625,2848346.5,1730198.25,0.0,1211288.125,1832167.625,0.0,0.0,1047036.0625,1940321.125,3341216.75,0.0,1052917.75,1067492.5,0.0,0.0,0.0,0.0,0.0,0.0,0.0,0.0,0.0,0.0,0.0,0.0,0.0,0.0,0.0,0.0,0.0,0.0
139,0.0,4202217.0,339885.0,1643407.125,3854353.0,4295419.0,2661769.0,0.0,4307886.0,3834587.0,3080018.25,0.0,1894454.375,3796518.25,0.0,0.0,613908.625,3285775.75,3195963.75,0.0,1953206.625,1633480.0,0.0,196288.890625,0.0,0.0,0.0,0.0,0.0,0.0,0.0,0.0,0.0,0.0,0.0,0.0,0.0,0.0,0.0,0.0
140,0.0,9530687.0,1418284.5,3549633.5,4399516.0,8461006.0,5633782.5,0.0,5797064.0,7652076.5,6514572.5,0.0,4413043.5,6603573.0,0.0,0.0,3276027.5,7737974.5,8044966.0,0.0,3069832.0,3590813.25,507703.09375,0.0,0.0,0.0,0.0,0.0,0.0,0.0,0.0,0.0,0.0,0.0,0.0,0.0,0.0,0.0,0.0,0.0
141,0.0,5624285.0,453036.0,2104550.0,3106410.75,4834807.0,3793027.75,0.0,3483849.75,3878730.75,3967859.5,0.0,3339262.25,3934221.0,0.0,0.0,1388803.375,4220313.5,4572811.0,0.0,1844502.25,1642357.375,399778.53125,127170.9609375,0.0,0.0,0.0,0.0,0.0,0.0,0.0,0.0,0.0,0.0,0.0,0.0,0.0,0.0,0.0,0.0
142,0.0,9503400.0,1773686.125,4181312.75,4156492.75,8986548.0,2745225.25,0.0,5814184.0,7350086.5,5159366.0,0.0,3465953.75,5330528.5,0.0,0.0,2647391.75,4099430.5,9213555.0,0.0,3416274.25,2000712.75,0.0,211481.484375,0.0,0.0,0.0,0.0,0.0,0.0,0.0,0.0,0.0,0.0,0.0,0.0,0.0,0.0,0.0,0.0
143,0.0,7193194.0,1526973.625,2808820.25,4702565.0,5795820.5,3966640.5,0.0,4169630.75,7033480.5,4575507.5,0.0,2927105.0,4327418.5,0.0,0.0,1740581.625,3844016.5,5896745.5,0.0,2576033.25,1434038.0,1516365.875,1048651.375,0.0,0.0,0.0,0.0,0.0,0.0,0.0,0.0,0.0,0.0,0.0,0.0,0.0,0.0,0.0,0.0
144,0.0,9368382.0,1810892.25,4144111.75,4145336.25,8897101.0,2684686.0,0.0,5747477.5,7288291.5,5108599.5,0.0,3381577.0,5281902.0,0.0,0.0,2634910.0,4049759.0,9107257.0,0.0,3380244.5,1991832.375,0.0,211042.671875,0.0,0.0,0.0,0.0,0.0,0.0,0.0,0.0,0.0,0.0,0.0,0.0,0.0,0.0,0.0,0.0
145,0.0,5264997.5,977803.375,2835668.5,3736001.0,4175628.0,4246783.0,0.0,4347497.0,6197335.5,4262325.0,0.0,3052209.25,3671251.25,0.0,0.0,1469298.125,4043885.75,4709465.0,0.0,2021035.25,978026.375,1275899.625,90081.09375,0.0,0.0,0.0,0.0,0.0,0.0,0.0,0.0,0.0,0.0,0.0,0.0,0.0,0.0,0.0,0.0
146,0.0,4886327.0,950306.5625,2692379.0,3885613.5,3918913.25,4308015.0,0.0,4229919.5,6212039.0,4283727.0,0.0,2999683.25,3524900.0,0.0,0.0,1326165.125,4076704.25,4401134.0,0.0,1931094.5,1022393.8125,1438416.0,206808.109375,0.0,0.0,0.0,0.0,0.0,0.0,0.0,0.0,0.0,0.0,0.0,0.0,0.0,0.0,0.0,0.0
147,0.0,7616408.0,1057225.25,1863084.875,6109837.0,6033738.5,4066499.75,0.0,6091704.5,6395270.5,4977207.5,0.0,3466247.0,4474715.5,0.0,0.0,1471518.375,5604532.0,5970943.0,0.0,2825225.75,2428612.25,790466.9375,808613.75,0.0,0.0,0.0,0.0,0.0,0.0,0.0,0.0,0.0,0.0,0.0,0.0,0.0,0.0,0.0,0.0
148,0.0,2876651.0,748746.25,793646.0625,1978283.375,2967423.0,1163602.25,0.0,2718260.75,2747377.0,1926245.375,0.0,1570907.25,1725622.875,0.0,0.0,995695.4375,2801738.0,3405282.0,0.0,1125255.0,1524474.0,0.0,0.0,0.0,0.0,0.0,0.0,0.0,0.0,0.0,0.0,0.0,0.0,0.0,0.0,0.0,0.0,0.0,0.0
149,0.0,12855999.0,534049.4375,2313071.25,13839957.0,11920792.0,9577314.0,0.0,16038463.0,12231860.0,9713562.0,0.0,7551482.5,10023555.0,0.0,0.0,1413039.875,15629187.0,10517348.0,0.0,5626095.0,5995400.5,0.0,0.0,0.0,0.0,0.0,0.0,0.0,0.0,0.0,0.0,0.0,0.0,0.0,0.0,0.0,0.0,0.0,0.0
150,0.0,4074505.25,36370.81640625,706120.0625,5367840.0,4176370.75,2841400.75,0.0,5940361.0,3114426.0,3412564.5,0.0,2217709.75,3863555.25,0.0,0.0,262446.5,5050659.0,2834794.25,0.0,2020384.875,2573436.0,0.0,0.0,0.0,0.0,0.0,0.0,0.0,0.0,0.0,0.0,0.0,0.0,0.0,0.0,0.0,0.0,0.0,0.0
151,0.0,9928502.0,1191929.875,2463544.0,5493986.0,8827373.0,5594619.0,0.0,7432369.5,7741042.0,7320296.0,0.0,4953982.5,7005232.0,0.0,0.0,3394049.0,9489773.0,8624420.0,0.0,3186195.0,4577777.0,0.0,0.0,0.0,0.0,0.0,0.0,0.0,0.0,0.0,0.0,0.0,0.0,0.0,0.0,0.0,0.0,0.0,0.0
152,0.0,5699288.0,213771.15625,1399017.0,3879460.25,4901388.0,3920219.75,0.0,4734649.0,3812062.25,4511246.0,0.0,3858152.25,4063828.0,0.0,0.0,1381744.375,5505228.5,4820574.5,0.0,1940840.125,2329179.5,0.0,42779.88671875,0.0,0.0,0.0,0.0,0.0,0.0,0.0,0.0,0.0,0.0,0.0,0.0,0.0,0.0,0.0,0.0
153,0.0,9875288.0,1402999.375,2839896.0,5663108.5,9499669.0,2034908.125,0.0,7238392.5,6602395.0,5577109.0,0.0,3310212.75,5662366.5,0.0,0.0,2307640.25,5363339.5,9105488.0,0.0,3550392.25,3027637.0,0.0,609822.375,0.0,0.0,0.0,0.0,0.0,0.0,0.0,0.0,0.0,0.0,0.0,0.0,0.0,0.0,0.0,0.0
154,0.0,5808291.0,1352691.875,2373923.0,4873101.5,4781071.0,3654688.75,0.0,4610480.0,5759391.0,3949299.25,0.0,3510555.5,3480191.75,0.0,0.0,1103334.25,4128932.75,4980075.5,0.0,2590053.25,1117916.75,929367.0625,703604.875,0.0,0.0,0.0,0.0,0.0,0.0,0.0,0.0,0.0,0.0,0.0,0.0,0.0,0.0,0.0,0.0
155,0.0,35043128.0,6295858.5,11854344.0,25333900.0,34373492.0,13447277.0,0.0,24524968.0,23454764.0,20165684.0,0.0,21725304.0,19281992.0,0.0,0.0,5763584.5,25165902.0,31991308.0,0.0,15303706.0,11040019.0,0.0,2350822.0,0.0,0.0,0.0,0.0,0.0,0.0,0.0,0.0,0.0,0.0,0.0,0.0,0.0,0.0,0.0,0.0
156,0.0,6628696.0,914091.6875,2593668.0,6144249.5,5519667.0,5156739.0,0.0,6115053.5,6751439.5,5268490.0,0.0,5297858.5,3959132.75,0.0,0.0,956081.3125,6360043.0,5812218.5,0.0,3057861.0,1787461.25,1147873.5,612298.8125,0.0,0.0,0.0,0.0,0.0,0.0,0.0,0.0,0.0,0.0,0.0,0.0,0.0,0.0,0.0,0.0
157,0.0,4516066.5,374949.625,2673134.0,4831496.5,3688962.25,5319251.5,0.0,6164717.0,5712571.5,4759154.0,0.0,5204288.5,3210344.5,0.0,0.0,757968.0625,6330377.5,4497692.0,0.0,2394353.5,1221889.375,820349.8125,0.0,0.0,0.0,0.0,0.0,0.0,0.0,0.0,0.0,0.0,0.0,0.0,0.0,0.0,0.0,0.0,0.0
158,0.0,3474408.0,0.0,1555248.5,4855601.0,3834679.75,3627245.0,0.0,5685554.5,3282601.5,3404397.75,0.0,3790756.75,3407959.75,0.0,0.0,0.0,5258105.0,2965336.25,0.0,2216296.25,1742220.5,0.0,0.0,0.0,0.0,0.0,0.0,0.0,0.0,0.0,0.0,0.0,0.0,0.0,0.0,0.0,0.0,0.0,0.0
159,0.0,8987998.0,712865.8125,3665822.5,5392223.0,9205243.0,3340699.75,0.0,7375963.0,6883547.0,5778766.5,0.0,5981756.0,4953829.5,0.0,0.0,1499238.375,5963421.5,9320866.0,0.0,3928788.0,2236709.25,0.0,283581.59375,0.0,0.0,0.0,0.0,0.0,0.0,0.0,0.0,0.0,0.0,0.0,0.0,0.0,0.0,0.0,0.0
160,0.0,5658020.0,0.0,1895588.125,4124247.5,5093435.0,4590976.0,0.0,4563291.0,3397173.0,4418390.0,0.0,5108829.0,3948015.0,0.0,0.0,641210.8125,5733009.0,4570996.0,0.0,2233763.25,1852268.5,115014.1484375,63006.47265625,0.0,0.0,0.0,0.0,0.0,0.0,0.0,0.0,0.0,0.0,0.0,0.0,0.0,0.0,0.0,0.0
161,0.0,6673432.5,916427.625,2614804.75,6073339.0,5543437.5,5117585.5,0.0,6104380.0,6718110.0,5236886.0,0.0,5274125.5,3972282.5,0.0,0.0,985504.6875,6313687.0,5847077.5,0.0,3058173.75,1766274.25,1109754.5,582184.75,0.0,0.0,0.0,0.0,0.0,0.0,0.0,0.0,0.0,0.0,0.0,0.0,0.0,0.0,0.0,0.0
162,0.0,6602246.5,912698.9375,2581183.0,6185830.0,5505571.5,5179660.5,0.0,6121205.5,6770904.5,5286971.0,0.0,5311708.0,3951316.75,0.0,0.0,938755.5,6387177.5,5791594.5,0.0,3057613.25,1799885.75,1170270.125,629997.6875,0.0,0.0,0.0,0.0,0.0,0.0,0.0,0.0,0.0,0.0,0.0,0.0,0.0,0.0,0.0,0.0
163,0.0,6747304.0,922129.4375,2652042.5,5953959.0,5581266.0,5053236.0,0.0,6086066.0,6662895.5,5183292.0,0.0,5230761.5,3995085.25,0.0,0.0,1035625.375,6233029.0,5904444.0,0.0,3057775.0,1728213.125,1048296.3125,530805.125,0.0,0.0,0.0,0.0,0.0,0.0,0.0,0.0,0.0,0.0,0.0,0.0,0.0,0.0,0.0,0.0
164,0.0,4025216.25,300899.21875,2499984.25,5177859.0,3379651.75,5543056.5,0.0,6174217.5,5797408.0,4902107.0,0.0,5332255.5,3037866.5,0.0,0.0,528190.3125,6594136.0,4125560.25,0.0,2328257.5,1336815.25,1037199.125,0.0,0.0,0.0,0.0,0.0,0.0,0.0,0.0,0.0,0.0,0.0,0.0,0.0,0.0,0.0,0.0,0.0
165,0.0,8900618.0,722163.0,3633168.5,5539923.0,9200178.0,3378224.75,0.0,7416807.5,6943514.5,5858909.0,0.0,6015824.0,4938231.0,0.0,0.0,1450629.125,6073177.5,9282751.0,0.0,3929632.0,2298346.25,0.0,340785.65625,0.0,0.0,0.0,0.0,0.0,0.0,0.0,0.0,0.0,0.0,0.0,0.0,0.0,0.0,0.0,0.0
166,0.0,2512547.75,709328.1875,974346.625,1863379.875,2690714.75,971121.5625,0.0,1976547.375,2075285.75,1355142.5,0.0,1435486.875,1444389.5,0.0,0.0,581369.875,2011618.25,2675778.0,0.0,1133011.0,926211.875,0.0,0.0,0.0,0.0,0.0,0.0,0.0,0.0,0.0,0.0,0.0,0.0,0.0,0.0,0.0,0.0,0.0,0.0
167,0.0,11026700.0,533211.75,2974939.0,12150151.0,10617620.0,8104992.5,0.0,12550568.0,9345996.0,7163967.5,0.0,6641673.5,8273792.5,0.0,0.0,95844.4609375,11708947.0,8156597.5,0.0,5305028.0,3786333.75,543976.125,0.0,0.0,0.0,0.0,0.0,0.0,0.0,0.0,0.0,0.0,0.0,0.0,0.0,0.0,0.0,0.0,0.0
168,0.0,2831833.0,448161.59375,1026420.1875,2141345.75,3121551.25,1436734.0,0.0,2699863.0,2506600.25,1867135.375,0.0,2237568.5,1614631.875,0.0,0.0,595266.9375,2981693.5,3291116.75,0.0,1296176.0,1285667.125,0.0,0.0,0.0,0.0,0.0,0.0,0.0,0.0,0.0,0.0,0.0,0.0,0.0,0.0,0.0,0.0,0.0,0.0
169,0.0,12690618.0,0.0,3282216.0,14282763.0,12559568.0,10463723.0,0.0,16032022.0,11386479.0,9412657.0,0.0,10084389.0,9254915.0,0.0,0.0,0.0,16091841.0,10058994.0,0.0,6484556.0,5216582.0,425094.5625,0.0,0.0,0.0,0.0,0.0,0.0,0.0,0.0,0.0,0.0,0.0,0.0,0.0,0.0,0.0,0.0,0.0
170,0.0,9659425.0,511405.03125,3275328.5,5965257.0,9109515.0,6677713.0,0.0,7103628.5,7220619.0,7210225.5,0.0,6944757.0,6789628.5,0.0,0.0,2185552.5,10054085.0,8170287.0,0.0,3622376.25,3869606.75,174437.4375,0.0,0.0,0.0,0.0,0.0,0.0,0.0,0.0,0.0,0.0,0.0,0.0,0.0,0.0,0.0,0.0,0.0
171,0.0,1285005.125,120232.1328125,704631.3125,1685200.875,1120187.5,1473679.0,0.0,1900066.25,933458.125,1415958.875,0.0,1208540.0,1324651.375,0.0,0.0,143065.34375,1314306.75,981902.5,0.0,716246.3125,381431.84375,39310.94921875,166570.515625,0.0,0.0,154113.484375,0.0,0.0,0.0,0.0,0.0,0.0,0.0,0.0,0.0,0.0,0.0,0.0,0.0
172,0.0,2114146.25,20135.81640625,800803.625,1453014.875,1654265.0,1749728.125,0.0,1429827.375,931861.8125,1688016.5,0.0,1635755.5,1504476.5,0.0,0.0,333550.90625,1517006.375,1532753.125,0.0,698083.6875,428995.84375,294802.0,316204.78125,0.0,0.0,0.0,0.0,0.0,0.0,0.0,0.0,0.0,0.0,0.0,0.0,0.0,0.0,0.0,0.0
173,0.0,2467827.25,562454.3125,1146265.875,1971142.25,1715816.125,1893807.125,0.0,1849042.5,2111149.25,1972926.0,0.0,1586392.0,1516798.625,0.0,0.0,587636.625,1452350.875,2047586.5,0.0,930651.75,244467.5625,683095.1875,534499.875,0.0,0.0,0.0,0.0,0.0,0.0,0.0,0.0,0.0,0.0,0.0,0.0,0.0,0.0,0.0,0.0
174,0.0,2429793.75,564700.1875,1129953.125,2036357.125,1689136.875,1933103.375,0.0,1851846.125,2135852.5,2008533.0,0.0,1606935.875,1506686.875,0.0,0.0,564950.3125,1479776.25,2015313.0,0.0,927648.875,257815.84375,725251.375,574429.4375,0.0,0.0,0.0,0.0,0.0,0.0,0.0,0.0,0.0,0.0,0.0,0.0,0.0,0.0,0.0,0.0
175,0.0,3231747.25,417381.6875,1574585.0,1797162.5,2903940.0,1488201.125,0.0,2368202.25,2146852.25,2211536.25,0.0,2092047.375,1750547.75,0.0,0.0,688908.5625,1197566.5,3302917.25,0.0,1288384.25,356557.03125,68259.0859375,482876.09375,0.0,0.0,0.0,0.0,0.0,0.0,0.0,0.0,0.0,0.0,0.0,0.0,0.0,0.0,0.0,0.0
